Barrier/function,Hazard prevented or mitigated,Evidence,Evidence maturity,Failure consequence,Next barrier or safe-state function
TRISO kernel/coatings,"fission-product release from fuel","HTTR fuel experience; AGR-1 1600-1800 C safety tests","DEMONSTRATED/EXPERIMENTAL","nuclide-specific release rises with coating failure/high temperature","graphite/core retention -> primary circuit retention -> confinement"
Graphite/fuel compact/core,"thermal inertia; retention/holdup; geometry","HTTR operation/LOFC; modular HTGR source-term literature","DEMONSTRATED + MODELLED","higher temperatures/oxidation can degrade retention and mobilise inventory","reactor pressure boundary; residual heat removal"
Reactor pressure boundary,"primary helium/radionuclide inventory confinement","HTTR hardware; GTHTR300C source design","DEMONSTRATED at HTTR / SOURCE DESIGN at project scale","depressurisation; possible air ingress; circuit inventory release pathway","shutdown; residual heat removal; reactor building/confinement functions"
Reactor building/confinement functions,"limit releases and protect safety systems","source-design and regulatory safety architecture","SOURCE DESIGN/REGULATORY","environmental release if upstream barriers fail","site emergency response; mechanistic source-term analysis required"
Primary helium boundary,"prevents primary coolant loss and direct process contact","HTTR/JAEA hardware/design","DEMONSTRATED at smaller scale","loss of pressure/cooling; radiological transport","IHX isolation; reactor shutdown/heat removal"
IHX pressure/heat-transfer boundary,"separates primary and secondary helium while transferring heat","10 MW HTTR IHX built; 170 MWth GTHTR300C IHX designed","DEMONSTRATED HARDWARE + SOURCE DESIGN","cross-loop pressure/radiological transfer; heat-sink loss","leak detection; isolation; secondary boundary; shutdown"
Secondary helium boundary,"prevents helium blowdown and direct nuclear/process mixing","JAEA HTTR-IS/GTHTR300C designs","SOURCE DESIGN / DEMONSTRATION PREPARATION","loss of process heat sink; jet/pressure transient","isolation/relief; reactor/process trips; bypass/dump concept"
Physical nuclear-chemical separation,"limits blast/fire/projectile/toxic propagation","JAEA hydrogen-plant separation studies; NRC co-location framework; Singapore QRA requirement","MODELLED/REGULATORY","chemical accident can challenge nuclear SSCs or vice versa","barriers/independent utilities; QRA/PRA-derived layout"
Chemical pressure containment/isolation,"contains H2/NG/CO/syngas/CO2/steam","industrial process-safety practice; Singapore MHI regime","REGULATORY/PROJECT SCREENING","fire/explosion/toxic/asphyxiant release","detection/ESD; fire protection; separation"
Detection/trip/isolation,"limits inventories and terminates coupled transients","JAEA integration design; Singapore SIS/MHI guidance","SOURCE DESIGN/REGULATORY","continued feed/heat worsens release or transient","independent shutdown; depressurisation/vent/disposal as designed"
Residual/decay heat removal,"maintains fuel temperatures after shutdown","HTGR passive/inherent principles; HTTR LOFC evidence","EXPERIMENTAL + SOURCE DESIGN","fuel/barrier temperatures can rise if heat removal inadequate","diverse/independent ultimate heat sink; E5 transient proof"
Emergency/backup power and control,"maintains required active safety/support functions","IAEA design requirements","REGULATORY","common loss can disable isolation/cooling/control","passive functions; diverse qualified power; safe-state procedures"
Ultimate heat sink,"rejects decay/residual heat independent of process demand","IAEA requirements; E3 identifies but does not select Jurong cooling design","REGULATORY + UNRESOLVED PROJECT DESIGN","loss of heat removal/common-cause coastal vulnerability","diverse/independent heat sink and passive capability"
Tritium control/purification,"limits radiological transfer to secondary/process/product","HTTR measured secondary tritium; Hastelloy XR permeation experiments","DEMONSTRATED OPERATIONAL + EXPERIMENTAL","chemical plant/product may require radiological controls/classification","purification/monitoring/isolation; project permeation model"
Physical protection/security,"prevents/mitigates malicious challenge and preserves access","IAEA security framework","REGULATORY","multi-system damage or delayed response","site-specific protected area, independent emergency access and response"
