Claim,Evidence,Classification,Transferability limitation,Project disposition
950 C-class reactor operation,"HTTR 30 MWth 50-day 950 C operation",DEMONSTRATED,"30 MWth test reactor not 600 MWth project","supports temperature/operating precedent only"
loss-of-forced-cooling response,"HTTR 9 MW LOFC without control-rod insertion; negative feedback/thermal inertia observed",EXPERIMENTAL,"different power/geometry/initial condition","supports mechanism; project transient required"
TRISO high-temperature retention,"AGR-1 irradiated UCO compacts tested 1600/1800 C; nuclide-specific release measured",EXPERIMENTAL,"fuel tests not reactor environmental source term","strong fuel-barrier evidence; no project release fraction"
air ingress mechanism,"JAEA/JAERI experiments/design work; HTR-PM programme; NRC PIRT",EXPERIMENTAL+REGULATORY,"severity depends selected break/geometry/history","mechanism established; sequence consequence unresolved"
water/steam ingress mechanism,"Japanese/Chinese HTGR analyses + NRC PIRT",MODELLED+REGULATORY,"project IHX architecture differs","retain event; quantify project pathway later"
HTTR IHX separation,"10 MW He-He IHX operated at high temperature",DEMONSTRATED_HARDWARE,"project duty/scale/lifetime much larger","physical separation precedent; project qualification unresolved"
GTHTR300C IHX/process architecture,"~170 MWth IHX and 600 MWth cogeneration design",SOURCE_DESIGN,"not operating hardware at project scale","architecture evidence only"
tritium transfer,"non-zero secondary-He tritium measured during HTTR 950 C operation; Hastelloy XR permeation measured",DEMONSTRATED_OPERATIONAL+EXPERIMENTAL,"cannot scale concentration linearly to project","proves IHX not perfect radiological barrier"
HTTR hydrogen-plant isolation/classification,"JAEA/NRA current heat-use design/review",REGULATORY_DESIGN,"HTTR-specific law/design and smaller scale","supports possible boundary concept only"
chemical-to-nuclear co-location risk,"NRC RIL 2026-04 external-hazard framework for co-located H2 production",REGULATORY_RESEARCH,"not a project separation result","supports need for structured hazard/QRA framework"
Singapore chemical safety case,"MOM MHI Safety Case regime; QRA coordinated by MHD/SCDF/NEA/MOM/URA/JTC",REGULATORY,"MHI framework does not replace nuclear licensing","chemical-side regulatory baseline; integrated nuclear framework unresolved"
independent protection layers,"Singapore MHI EC&I guidance requires hazard/risk assessment and attention to independence/common cause",REGULATORY,"process-safety guidance not nuclear design approval","supports independence/diversity requirement"
Jurong external hazards,"E3 industrial/marine/coastal register + IAEA siting guidance",PROJECT_SCREENING+REGULATORY,"no parcel/neighbour inventories/hazard curves","external hazards identified but not accepted"
mechanistic source term,"Petti barrier chain; AVR counter-evidence; HTR-STAC V&V precedent",MODELLED/EXTERNAL,"no selected-project inventory/transport model","NOT DEMONSTRATED"
EPZ/offsite dose,"HTR-PM methods/examples; IAEA/NRC emergency guidance",REGULATORY/MODELLED,"not transferable to Singapore project","NOT DEMONSTRATED; no radius claimed"
blast separation,"JAEA hydrogen-plant studies; NRC framework; Singapore QRA",MODELLED/REGULATORY,"inventory/layout/site specific","NOT DEMONSTRATED; no distance claimed"
