ID,System,Initiating event,Hazard,Immediate consequence,Propagation path,Preventive barrier,Mitigating barrier,Safe-state function,Evidence,Evidence maturity,Quantitative analysis available?,E5 calculation required?,Singapore/Jurong relevance,Status
N1,reactor/process interface,two reformers trip or reject heat,loss of process heat sink,"up to 353.6 MWth demanded heat sink removed","secondary-He return transient -> IHX/primary response","independent trips; load control; secondary-loop isolation","bypass/dump/alternate heat sink concept; reactor shutdown","terminate fission; remove decay heat; isolate process; keep chemical inventories controlled","JAEA HTTR-IS buffering/load-change tests; project E2B heat duty",EXPERIMENTAL+PROJECT_SCREENING,"heat-sink step only","coupled thermal-hydraulic transient and component loads","shared heat interface; E3 cooling not closed",UNRESOLVED
N2,reactor,loss of forced primary-He circulation,loss of active core heat transport,"core/graphite heat up while negative feedback reduces fission","reactor thermal transient","reactor protection/shutdown","graphite thermal inertia; residual/passive heat removal","subcritical core; fuel temperatures within limits; decay heat removed","HTTR 9 MW LOFC test",DEMONSTRATED_EXPERIMENTAL,"external 9 MW test only","600 MWth selected-design transient","single reactor supplies both trains",CONDITIONAL
N3,primary helium,pressure-boundary break,primary depressurisation,"helium inventory/pressure loss; possible later ingress","core cooling/source-term pathway; IHX process-heat loss","qualified pressure boundary; isolation","shutdown; passive/residual heat removal; confinement functions","isolate break; cool core; retain radionuclides","NRC/JAEA HTGR PIRT/mechanism evidence",REGULATORY+MODELLED,no,"break spectrum + thermal hydraulics + source term",external consequence affects siting,UNRESOLVED
N4,reactor/core,air ingress after depressurisation,graphite oxidation,"oxidation/heat/material degradation; source-term change","primary circuit -> confinement/environment if barriers challenged","geometry limiting ingress; pressure boundary","shutdown; heat removal; confinement","limit oxidation; maintain fuel/graphite integrity; retain radionuclides","JAEA/JAERI air-ingress experiments; HTR-PM programme; NRC PIRT",EXPERIMENTAL+REGULATORY,no,"ingress rate/oxidation/source-term sequence",site consequence/EPR,UNRESOLVED
N5,reactor/core,water or steam ingress,graphite-steam reaction and reactivity/pressure perturbation,"H2/CO generation; pressure/chemistry change","connected water/steam equipment -> primary circuit","IHX/intermediate-loop separation; pressure boundaries","detection; isolation; shutdown; purification","stop ingress; subcritical core; control pressure/chemistry; retain radionuclides","JAEA small-HTGR/HTR-PM analyses; NRC PIRT",MODELLED+REGULATORY,no,"credible project pathway + ingress mass/rate + consequences",chemical integration makes pathway design-dependent,UNRESOLVED
N6,reactor,reactivity/control malfunction,power excursion or failure to shut down as intended,"temperature/power transient","core -> fuel/barrier challenge","negative temperature feedback; control/protection systems","independent shutdown functions; heat removal","terminate fission; maintain fuel limits; remove heat","HTGR design/safety basis",SOURCE_DESIGN+REGULATORY,no,"selected design transient/failure logic",nuclear licensing gate,UNRESOLVED
N7,shared heat sink/power,loss of ultimate heat sink or station blackout,loss of active cooling/power,"loss of pumps/circulators/support systems","common cause affects nuclear and chemical trains","independent safety power; protected/diverse heat sinks","passive/residual heat removal; chemical isolation","reactor decay heat removed independently; chemical feeds isolated","IAEA safety requirements; E3 Jurong cooling screen",REGULATORY+PROJECT_SCREENING,no,"selected SBO/UHS architecture and transient","coastal intake/grid are Jurong common dependencies",UNRESOLVED
I1,IHX,wall/tube leak,cross-boundary helium/radionuclide transfer,"leak according to pressure state","primary <-> secondary loop; possible process contamination","qualified high-T boundary; pressure hierarchy","leak detection; isolation; purification","isolate failed boundary; preserve core cooling; stop contaminated process flow","HTTR IHX hardware + measured secondary tritium",DEMONSTRATED_HARDWARE+OPERATIONAL,no,"leak size/pressure transient/radionuclide transport","classification and co-location gate",UNRESOLVED
I2,IHX,major rupture,rapid pressure interaction and inventory loss,"large primary/secondary transient; process heat loss","IHX -> both loops","structural qualification; isolation valves","trip/isolation/relief; residual heat removal; chemical shutdown","separate loops; cool reactor; depressurise/isolate process safely","JAEA IHX design; NRC NGNP PIRT",SOURCE_DESIGN+REGULATORY,no,"rupture mechanics/transient/source term",key nuclear-chemical interface,UNRESOLVED
I3,secondary helium,loss of circulation,loss of reformer heat transfer,"reformer heat collapses; IHX return transient","secondary loop -> chemical shutdown and primary response","circulator reliability/control","isolation; reactor/load trip; bypass/dump concept","safe reactor heat removal + feed/steam isolation on both trains","JAEA coupling tests/design; HTR-PM circulator operating events as mechanism precedent",EXPERIMENTAL+OPERATIONAL_ANALOG,no,"two-train coupled transient",single shared heat source,UNRESOLVED
I4,secondary helium,secondary depressurisation,loss of secondary inventory/heat sink,"blowdown/jet; process heat loss","secondary boundary -> IHX/primary response","pressure boundary","relief/isolation/trips","isolate rupture; reactor safe state; chemical shutdown","NRC NGNP PIRT",REGULATORY,no,"rupture transient and component loads",layout/separation relevant,UNRESOLVED
I5,secondary/process control,excess heat or temperature control failure,chemical overheating,"reformer/equipment temperature excursion","secondary He -> reformer/process equipment","temperature control/interlocks","trip/isolation/bypass","terminate heat/feed; keep equipment within pressure-temperature limits","JAEA/INL source design/model",SOURCE_DESIGN+MODELLED,no,"control transient + equipment limits",two-train interface,UNRESOLVED
I6,radiological interface,tritium generation/permeation,radiological transfer through hot metal,"non-zero secondary-loop tritium","primary He -> IHX -> secondary He -> possible process/product","material/oxide control; purification","monitoring; secondary purification; isolation/classification controls","meet radiological criteria; prevent unacceptable product/worker release","HTTR measured secondary tritium; Hastelloy XR experiments",DEMONSTRATED_OPERATIONAL+EXPERIMENTAL,"HTTR values only","project generation/permeation/purification/product model","Singapore classification limits required",UNRESOLVED
C1,H2 systems,H2 leak,jet/flash fire or deflagration/explosion,"thermal radiation/overpressure/projectiles","chemical area -> nuclear SSCs/utilities/access","inventory minimisation; detection; ventilation; isolation; layout","fire/blast barriers; emergency shutdown","isolate H2; prevent ignition/escalation; preserve nuclear safety functions","NRC co-located hydrogen RIL 2026-04; Singapore MHI/QRA regime",REGULATORY,no,"inventory/dispersion/CFD/blast/fire/fragility/QRA","Jurong MHI co-location",UNRESOLVED
C2,NG systems,methane leak,fire/explosion,"thermal/overpressure effects","chemical area -> nuclear island/shared utilities","detection/isolation; layout","fire protection; barriers; ESD","isolate NG; extinguish/control fire; preserve nuclear safety","Singapore MHI/QRA; process safety",REGULATORY,no,"inventory/fire/explosion/QRA","68 MMSCFD project flow; hazardous neighbours",UNRESOLVED
C3,WGS/syngas,CO release,toxic cloud,"personnel impairment/evacuation","chemical release -> access/control/emergency response","containment; detection; ventilation","isolation; respiratory/emergency controls","stop release; preserve staffed/remote safety functions","process hazard basis; Singapore MHI safety case",REGULATORY,no,"inventory/toxic dispersion/occupancy","dense industrial workforce/access",UNRESOLVED
C4,reformer,hot process leak/fire,fire and escalation without fired furnace,"NG/H2/syngas release at high temperature","reformer -> adjacent train/nuclear island","pressure boundary; isolation; layout","fire protection; ESD; separation","terminate feed/heat; isolate inventories; prevent escalation","process engineering + NRC/IAEA co-location evidence",MODELLED+REGULATORY,no,"HAZOP/fire radiation/blast contours","two 130 MMSCFD trains",UNRESOLVED
C5,steam/process piping,high-pressure rupture,jet/thermal/projectile hazard,"local mechanical/thermal damage","projectile/jet -> nearby safety equipment","pressure design/relief; routing","isolation; barriers/separation","isolate rupture; maintain independent nuclear safety systems","process safety practice",PROJECT_SCREENING,no,"pressure/inventory/jet/projectile analysis","layout gate",UNRESOLVED
C6,PSA/tail gas,loss of containment or abnormal disposition,flammable/toxic tail-gas event,"fire/toxic/process trip","PSA area -> train escalation/shared utilities","source-topology isolation/pressure protection","ESD/vent or disposal system as designed","isolate PSA/feed; route inventories to validated safe disposal","INL source topology; repository process model",SOURCE_MODEL+PROJECT_SCREENING,no,"actual PSA package/vent inventory/HAZOP","do not invent bed states",UNRESOLVED
C7,amine CCS,solvent leak/degradation or reboiler upset,chemical exposure/fire/process upset,"capture outage/personnel hazard","CCS -> utilities/access; generally indirect nuclear effect","containment/materials/process control","drainage/isolation/fire protection","isolate capture system; prevent escalation; preserve other safety functions","industrial CCS/process-safety practice",PROJECT_SCREENING,no,"selected solvent HAZOP/LOPA/degradation inventory","two-train CCS scale",UNRESOLVED
C8,CO2 systems,high-pressure CO2 release,asphyxiation/cold dense cloud,"personnel/access impairment; local mechanical effects","CO2 route -> emergency access/control areas","routing/isolation; ventilation; inventory management","exclusion/monitoring/emergency response","stop release; maintain access/control to nuclear safe-state functions","CCS hazard basis; Singapore MHI/QRA framework",REGULATORY+PROJECT_SCREENING,no,"pressure/inventory/dispersion/topography/QRA","~1.085 Mt/y throughput; port interface",UNRESOLVED
C9,CO2 conditioning/compression,compressor/conditioning failure,pressure/mechanical/release hazard,"CCS trip and possible CO2 release","equipment -> local utilities/access","pressure protection; machinery protection","isolation/ESD","isolate compressor; control inventory; maintain safe access","screening only; compressor design absent",PROJECT_SCREENING,no,"selected compressor states/inventory/HAZOP","cross-border CCS interface",UNRESOLVED
X1,Jurong external,neighbour refinery/chemical accident,fire/blast/toxic release,"external load on both plants","neighbour -> nuclear/chemical/utilities/access","site selection/separation","qualified barriers; independent safety functions","maintain nuclear safe state and chemical isolation despite external event","IAEA SSG-79; E3 Jurong evidence",REGULATORY+PROJECT_SCREENING,no,"neighbour inventories/frequencies/consequence/fragility","central Jurong siting challenge",UNRESOLVED
X2,Jurong external,shipping/port accident,impact/fire/explosion,"marine external hazard; access/intake effects","coast/port -> site/cooling","siting/routing/separation","barriers; diverse heat sink/access","retain UHS and emergency access","IAEA SSG-79; MPA/Jurong context",REGULATORY+PROJECT_SCREENING,no,"traffic/event/consequence/site geometry","coastal candidate context",UNRESOLVED
X3,Jurong external,coastal flood/storm surge/extreme rainfall,inundation/common-cause loss,"power/cooling/access impairment","coastal hazard -> both plants","elevation/flood barriers","waterproof/diverse independent safety systems","reactor cooled and chemical inventories isolated under flood","IAEA siting; E3 coastal evidence",REGULATORY+PROJECT_SCREENING,no,"parcel hazard curves/compound flood/climate allowance","long plant life",UNRESOLVED
X4,shared cooling,seawater intake blockage/fouling,loss/degradation of common heat sink,"cooling loss","marine intake -> nuclear and chemical cooling","separate/diverse trains; intake design","alternate safety heat sink; chemical shutdown","nuclear decay heat removal independent of process cooling","E3 cooling + IAEA safety principles",REGULATORY+PROJECT_SCREENING,no,"selected UHS design/blockage scenarios","Jurong coastal cooling",UNRESOLVED
X5,shared utilities,grid/firewater/control/comms failure,common-cause support loss,"multiple systems unavailable","shared utility -> both plants","independence/diversity/segregation","qualified emergency power/control and independent fire response","preserve nuclear safety functions; isolate chemical inventories","IAEA SSR-2/1; Singapore MHI EC&I guidance",REGULATORY,no,"architecture/reliability/common-cause analysis","industrial integration can create coupling",UNRESOLVED
X6,security/access,malicious event or emergency-access obstruction,multi-system challenge,"loss/damage/delayed response","industrial access/port -> protected area","physical protection/security zoning","independent response/access routes","maintain control/cooling and emergency response","IAEA security framework; repository HFE/security evidence",REGULATORY,no,"site-specific threat/security/access design","controlled industrial island is not nuclear security",UNRESOLVED
