Direction,Initiator,Coupling path,Consequence on receiving side,Required barrier,Required safe state,Unresolved analysis
nuclear_to_chemical,reactor trip,"loss of secondary-He heat","reformer conversion collapse; hot pressurised inventories; coking/upset risk","feed/steam isolation; controlled heat removal/depressurisation","chemical feeds isolated; no flammable accumulation; reactor in decay-heat-removal state","dynamic reformer/catalyst shutdown model"
nuclear_to_chemical,primary depressurisation/IHX leak,"pressure/radiological transfer through IHX","secondary loop contamination and process trip","IHX integrity; pressure hierarchy; leak detection/isolation","failed boundary isolated; process quarantined; core cooled","leak transient + radionuclide/tritium transport"
nuclear_to_chemical,secondary-loop failure,"loss/excess heat and pressure transient","temperature excursion or loss of reforming heat","secondary isolation/relief; independent process trips","feed isolated; heat terminated; equipment within limits","coupled thermal-hydraulic/process transient"
nuclear_to_chemical,nuclear emergency heat rejection,"shared cooling/power interface","chemical cooling/utilities may be degraded","nuclear safety heat sink independent of chemical services","nuclear decay heat removed without relying on chemical operation","selected UHS/shared-system architecture"
nuclear_to_chemical,nuclear-site fire/electrical fault,"shared utilities/access","chemical ESD/cooling/control loss","segregated power/control/fire systems","chemical inventories isolated; nuclear safety systems retained","common-cause architecture"
chemical_to_nuclear,H2 explosion,"blast/projectiles/fire","challenge to nuclear safety SSCs","QRA-derived separation; blast/fire barriers; inventory isolation","reactor shutdown/heat removal functions remain available","H2 inventory/CFD/blast/fragility/QRA"
chemical_to_nuclear,NG/syngas fire/explosion,"thermal radiation/overpressure/projectiles","SSC damage; access/cable/common utility loss","separation; fire barriers; independent utilities","reactor safe state independent of affected chemical area","fire/explosion consequence + fragility"
chemical_to_nuclear,high-pressure vessel/steam rupture,"jet/projectile","mechanical challenge to nearby nuclear SSCs","routing/separation/barriers","nuclear safety functions unaffected or reactor safely shut down","project equipment pressure/inventory/projectile analysis"
chemical_to_nuclear,CO/toxic release,"personnel/access impairment","operator/emergency response challenge","detection; protected/filtered control areas; access separation","control and response remain available","toxic dispersion/occupancy/HFE"
chemical_to_nuclear,CO2 release,"dense cloud/asphyxiation/cold jet","access and personnel impairment; local mechanical effects","routing/isolation; ventilation; independent access","nuclear control/cooling maintained","CO2 inventory/dispersion/topography"
chemical_to_nuclear,chemical fire,"thermal radiation/smoke","external fire challenge","separation/fire protection/qualified SSCs","reactor can trip and remove decay heat","fire contours/SSC qualification"
chemical_to_nuclear,shared utility loss,"electrical/cooling/firewater/control coupling","loss of nuclear support functions","independence/diversity/segregation","nuclear safety functions survive chemical trip","common-cause analysis"
chemical_to_nuclear,cooling-water/common intake loss,"shared heat sink","nuclear UHS challenge","independent/diverse safety heat sink","decay heat removed despite process cooling loss","intake/UHS design and blockage analysis"
chemical_to_nuclear,emergency-access obstruction,"fire/cloud/security cordon","delayed nuclear response","independent protected access/remote capability","required staffing/control/emergency response maintained","site layout/EPR/HFE"
