Event family,Nuclear safe-state functions,Chemical safe-state functions,Integrated requirement,Evidence status,Missing proof
loss of process heat sink,"terminate/control fission; remove decay/residual heat; keep primary/IHX within limits","trip affected trains; isolate feed/inventories","chemical trip must not remove nuclear heat sink without alternate path","JAEA buffering/load-change evidence; project 353.6 MWth step derived","600 MWth coupled transient + bypass/dump design"
loss of nuclear heat,"subcritical; stable cooling/pressure boundaries","terminate NG/feed as required; manage steam; controlled depressurisation/backup heat only if designed","reactor trip must not leave reformer in hazardous hot-feed state","screening logic only","dynamic process safe-shutdown model"
loss of forced circulation,"subcritical; fuel temperature within limits; decay heat removed","isolate/trip chemical trains if heat service unstable","no dependence on chemical plant for nuclear cooling","HTTR 9 MW LOFC experimental precedent","project-scale thermal-hydraulics"
primary depressurisation/air ingress,"shutdown; limit ingress/oxidation; retain radionuclides; remove heat","isolate secondary/process interface","failed nuclear boundary must not contaminate/escalate chemical plant","mechanism strongly evidenced","break/ingress/source-term model"
water/steam ingress,"shutdown; isolate ingress; control pressure/chemistry; remove heat","isolate implicated steam/process systems","prevent reactive products/pressure propagation across IHX","mechanism evidenced/modelled","project pathway and ingress transient"
IHX leak/rupture,"maintain core cooling; isolate primary leak","isolate secondary/process; quarantine contamination","detect and separate both sides without defeating decay heat removal","HTTR IHX hardware + tritium evidence","leak/rupture/source-term transient"
H2/NG fire or explosion,"safety SSCs remain functional or reactor reaches shutdown/heat removal state","isolate fuel; stop ignition/escalation; safe disposal","blast/fire must not disable nuclear safe-state functions","regulatory hazard framework exists","QRA/CFD/fire/blast/fragility/separation"
CO/CO2 release,"maintain control/cooling and emergency staffing","isolate release; ventilate/exclude affected areas","preserve protected access/control","hazard identified","dispersion/occupancy/access analysis"
station blackout/grid loss,"shutdown; independent decay heat removal; essential I&C available","ESD and inventory isolation using fail-safe/backup systems","avoid shared single-point power dependency","IAEA regulatory principles","selected electrical architecture/SBO analysis"
loss of common cooling/intake,"independent UHS retains decay heat removal","process trains trip/isolate as needed","nuclear safety cooling cannot depend solely on chemical cooling","E3 options only","selected UHS/diversity/blockage/flood analysis"
flood/external industrial event,"shutdown if required; barriers/cooling/power/control protected","isolate inventories and stop escalation","one external event must not defeat both safe states","IAEA siting + Jurong screen","parcel-specific hazard/consequence/fragility"
