Analysis,Required input,How to obtain,Required model_method,Required output,Acceptance_decision_criterion,Roadmap stage,Falsification consequence
600 MWth coupled transient,"reactor/core/IHX/secondary geometry controls material properties trip setpoints DHR design","vendor/JAEA design package + project FEED","validated system thermal-hydraulics/control model","T/P/flow histories peak fuel/component temperatures heat-sink loads","all applicable fuel/pressure/component safety limits and stable safe state met","preliminary safety design before site commitment","redesign heat coupling/bypass/DHR or reject architecture"
PRA reliability,"selected systems components test/maintenance data CCF/HRA inputs","vendor data operating experience qualified databases project procedures","Level-1 style event/fault trees appropriate to non-LWR design","sequence frequencies dominant contributors importance measures","future Singapore regulator-approved nuclear risk/safety goals; no criterion invented here","licensing framework + basic design","redesign redundancy/diversity if risk contributors unacceptable"
mechanistic source term,"core inventory transient T-time fuel failures graphite/circuit/confinement transport","depletion analysis + transient models + component/design data","non-LWR mechanistic source-term suite","time/nuclide-specific environmental release","meets regulator dose/source-term design basis when coupled to consequence analysis","safety analysis before EPR/site approval","site/design infeasible or barriers upgraded"
IHX leak rupture,"IHX geometry/material P/T inventories break spectrum isolation","qualified IHX design + inspection/material programme","structural fracture + TH + transport model","leak/rupture loads cross-loop transfer isolation times","pressure/temperature/radiological limits and safe isolation satisfied","component qualification","multiple IHXs/redesign/classification change"
tritium,"production/speciation graphite sorption permeation area/thickness material/oxide purification inventories","fuel/material/design data + experiments + purification design","mass balance + permeation transport model","secondary/process/product concentrations and releases","future Singapore radiological/classification criteria satisfied","interface qualification","add mitigation/nuclear classification or redesign direct coupling"
chemical QRA,"equipment list P&IDs inventories P/T hole cases isolation reliability occupancy ignition data","FEED/HAZOP/vendor data + Singapore-approved failure data","Singapore MHI QRA methodology + consequence models","individual/societal risk and scenario contributions","applicable Singapore MHI/QRA criteria; kept separate from nuclear criteria","parcel/layout selection","change inventory/layout/isolation or reject parcel"
blast fire separation,"H2/NG/syngas scenarios congestion layout ignition SSC fragility","3D layout + QRA release cases + nuclear SSC qualification","validated dispersion/CFD explosion/fire radiation + fragility","overpressure/impulse/thermal contours and required barriers/distance","nuclear SSC acceptance + Singapore chemical-risk criteria both satisfied","layout freeze","increase separation/barriers or reject co-location"
Jurong external hazards,"parcel coordinates neighbour inventories pipelines traffic marine/flood/seismic/geotech data","site survey + JTC/MPA/PUB/MSS/agency/operator data","IAEA-compliant external-hazard PSA/site analysis","frequency-intensity curves and site loads","nuclear design-basis/site criteria + Singapore planning/environmental requirements","candidate-site selection","reject Jurong parcel/site if hazards cannot be bounded"
site dispersion dose,"mechanistic release release geometry/energy met terrain buildings receptors population","source-term model + candidate-site met monitoring/MSS + population data","validated atmospheric dispersion + radiological dose model","dose distributions/time histories","future Singapore/IAEA-aligned dose/protective-action criteria","site safety/EPR","site/mitigation/EPR infeasible if criteria cannot be met"
EPZ EPR,"dose results accident spectrum population access protective-action policy","PRA/source term/dispersion + regulator/emergency agencies","GSR Part 7 aligned emergency planning analysis","planning distances/actions/resources","Singapore regulator-approved emergency arrangements","pre-licensing/site approval","reject site if practicable EPR cannot be established"
UHS SBO common cause,"decay-heat curves DHR/UHS design electrical loads autonomy flood/intake hazards","vendor decay heat/design + site study","TH + SBO mission-time reliability/common-cause analysis","required heat removal capacity/autonomy and failure combinations","safe-state maintained for required mission time under design hazards","basic safety design/site selection","add diverse sink/power or reject site"
security interfaces,"site geometry protected areas access logistics hazards","security authority/vendor/site design; sensitive details controlled","regulator-led physical/cyber security assessment","zoning/access/interface requirements","future Singapore nuclear-security requirements","site/basic design","redesign co-location/site if security and emergency access conflict"
