ID,Initiator,Protection_trip,Shutdown_branch,Decay_heat_removal_branch,Isolation_branch,Barrier_state,Endpoint,Probability_status,Quantification_required
ET01,simultaneous two-train process-heat loss,"detect load loss; reactor/load control or trip","success/failure","independent residual/decay-heat removal success/failure","secondary/process isolation success/failure","IHX/primary/core limits preserved or challenged","stable shutdown; thermal transient; barrier challenge","NO PROJECT BRANCH PROBABILITIES","coupled 600 MWth transient + protection reliability"
ET02,loss of forced primary-He circulation,"circulator fault detection/protection","shutdown success/failure","passive/residual heat removal success/failure","process isolation as required","fuel/core/pressure boundary preserved or challenged","stable decay-heat state or temperature challenge","NO PROJECT BRANCH PROBABILITIES","selected-design TH + circulator/protection reliability"
ET03,primary depressurisation,"break detection/trip","shutdown success/failure","depressurised heat removal success/failure","break/IHX isolation success/failure","pressure boundary failed; downstream fuel/core/confinement states branch","contained sequence; ingress/source-term pathway","NO PROJECT BRANCH PROBABILITIES","break spectrum + TH + source term + reliability"
ET04,air ingress after depressurisation,"ingress detection/protection","shutdown assumed branch to be quantified","heat removal success/failure","ingress path isolation/limitation","graphite/fuel/circuit retention state","bounded oxidation or source-term escalation","NO PROJECT BRANCH PROBABILITIES","ingress/oxidation/transport model"
ET05,water-steam ingress,"leak detection/trip","shutdown success/failure","heat removal success/failure","water/steam source isolation success/failure","pressure/core chemistry/barriers preserved or challenged","stable isolation or pressure/reactivity/source-term escalation","NO PROJECT BRANCH PROBABILITIES","pathway + ingress rate + TH/chemistry"
ET06,loss of ultimate heat sink,"UHS fault detection","shutdown success/failure","alternate/passive heat removal success/failure","chemical/process isolation","core barriers preserved or challenged","stable safe state or heat-removal challenge","NO PROJECT BRANCH PROBABILITIES","selected UHS architecture + common-cause/reliability"
ET07,station blackout,"loss-of-power protection","shutdown success/failure","passive/emergency-powered DHR success/failure","fail-safe nuclear/process isolation","core and pressure boundaries preserved or challenged","stable SBO state or heat-removal/control challenge","NO PROJECT BRANCH PROBABILITIES","electrical architecture + autonomy + reliability"
ET08,IHX leak-or-rupture,"leak/pressure detection and trip","reactor shutdown success/failure","core heat removal success/failure","primary/secondary isolation success/failure","cross-loop pressure/radiological transfer state","isolated contamination or propagated interface event","NO PROJECT BRANCH PROBABILITIES","leak spectrum + isolation reliability + radionuclide transport"
ET09,loss of secondary-He circulation,"circulator fault/load detection","reactor/load shutdown success/failure","alternate heat sink success/failure","secondary/process isolation","IHX/primary and chemical barriers preserved or challenged","stable dual shutdown or thermal excursion","NO PROJECT BRANCH PROBABILITIES","two-train coupled transient + component reliability"
ET10,external-common-cause event,"hazard detection/site protection","reactor/process shutdown success/failure","independent DHR/UHS success/failure","chemical inventory isolation success/failure","multiple barriers/utilities potentially challenged","safe shutdown or multi-system escalation","NO PROJECT BRANCH PROBABILITIES","site hazard frequency/intensity + SSC fragility/common-cause model"
