ID,Scenario,Release_source,Isolation_inputs,Release_rate_duration_inputs,Dispersion_inputs,Outcome_branches,Escalation_receptors,Available_project_scale,Status
Q1,H2 release,"product/PSA/compressor/piping","ESD valves detection closure time","pressure inventory pipe/hole geometry or bounded source flow","weather geometry congestion","no ignition; immediate ignition jet fire; delayed ignition flash/explosion","chemical train; nuclear SSCs; personnel/access","260 MMSCFD total product flow; vessel inventory unknown",STRUCTURE_ONLY
Q2,NG release,"68 MMSCFD feed system","feed isolation/ESD","pressure pipe/hole geometry duration","weather congestion","no ignition; jet/flash fire; explosion","both trains/nuclear SSCs/shared utilities","68 MMSCFD total operating flow",STRUCTURE_ONLY
Q3,syngas-CO release,"WGS/reformer/process piping","process isolation","stream composition pressure inventory hole size","weather buildings","toxic dispersion; ignition/fire/explosion as composition supports","personnel/control/access/nuclear response","source process topology; detailed inventory incomplete",STRUCTURE_ONLY
Q4,high-pressure process rupture,"steam/syngas equipment","section isolation/relief","P/T volume opening/projectile source","geometry","jet/thermal/projectile","adjacent train/nuclear SSCs","some source P/T states; equipment inventory absent",STRUCTURE_ONLY
Q5,reformer hot-process release,"reformer/process gas","feed and heat isolation","P/T composition opening duration","layout/congestion","fire/explosion/hot jet","train escalation/nuclear external hazard","871 C source outlet state; inventory absent",STRUCTURE_ONLY
Q6,PSA-tail gas release,"PSA/tail-gas topology","PSA/feed isolation and disposal system","bed/vessel states volumes pressures hole sizes","layout/weather","flammable/toxic release and ignition branches","local escalation/shared utilities","source topology only; bed states deliberately not invented",STRUCTURE_ONLY
Q7,CO2 release,"conditioning/compression/export","section isolation","pressure phase inventory hole geometry","terrain/buildings/weather","dense-gas/asphyxiant/cold jet","personnel/access/control areas","~1.085 Mt/y captured throughput; inventory unknown",STRUCTURE_ONLY
Q8,CO2 compressor-conditioning,"compressor/piping/equipment","trip/isolation","selected compressor states/inventory/opening","layout/weather","mechanical release/asphyxiant branches","local utilities/access","throughput known; design absent",STRUCTURE_ONLY
Q9,amine-CCS event,"absorber/regenerator/solvent system","process isolation/drainage","solvent identity inventory P/T/degradation products","layout/ventilation","toxic/chemical/fire outcome as applicable","personnel/utilities","capture function known; solvent inventory/design absent",STRUCTURE_ONLY
