Quantity,Can calculate now?,Inputs available,Method,Result_or_range,Evidence maturity,Missing data
simultaneous two-train process heat demand loss,YES,"176.8 MWth per train","2 x source-model duty","353.6 MWth heat-sink step","PROJECT DERIVED","transient response/dump heat design"
one-train process heat demand loss,YES,"176.8 MWth per train","source-model duty","176.8 MWth heat-sink step","SOURCE MODEL","transient response"
normal full-power residual-disposition envelope,YES,"600 and 353.6 MWth","difference","246.4 MWth; NOT decay heat","PROJECT DERIVED E3","actual reactor operating point/cycle"
illustrative seawater flow at 246.4 MWth and 8 K,YES,"E3 cp density deltaT","Q/(cp deltaT)/rho","7.531 m3/s; NOT safety UHS duty","PROJECT SCREENING E3","actual heat duty/intake design"
illustrative full-600-MWth sink at 8 K,YES,"E3 cp density deltaT","Q/(cp deltaT)/rho","18.339 m3/s; NOT decay heat","PROJECT SCREENING E3","decay-heat transient/UHS design"
NG continuous source flow,YES,"two trains x 34 MMSCFD","source scaling","68 MMSCFD operating flow","SOURCE SCALED","release pressure/hole/pipe/isolation duration for leak rate"
H2 product continuous flow,YES,"two trains x 130 MMSCFD","source scaling","260 MMSCFD operating product flow","SOURCE SCALED","inventory/pressure/hole/isolation duration"
captured CO2 throughput,YES,"two trains source capture rate","source scaling/annualisation","~1.085 Mt/y; throughput not vessel inventory","SOURCE SCALED","phase/P/T/inventory/hole/isolation"
HTTR secondary tritium concentration,YES AS SOURCE EVIDENCE,"Dipu HTTR measurement","report source value","peak 4.7e-2 Bq/cm3(STP); end full-power ~2.2e-2 Bq/cm3(STP)","DEMONSTRATED OPERATING REACTOR","not transferable as project concentration"
project core radionuclide inventory,NO,"600 MWth only insufficient","ORIGEN-class depletion","NOT CALCULATED","UNRESOLVED","fuel loading/enrichment/burnup/batch/power history"
project TRISO accident release,NO,"fuel-test evidence but no project transient","transient + nuclide-specific release model","NOT CALCULATED","UNRESOLVED","fuel T-time/failure state/inventory"
PRA frequencies,NO,"event logic only","fault trees/event trees","NOT CALCULATED","UNRESOLVED","selected systems/components/reliability/CCF/HRA"
chemical release rates/contours,NO,"continuous flows but no openings/inventories","source term + dispersion/fire/explosion","NOT CALCULATED","UNRESOLVED","P/T/phase/volume/pipe/hole/isolation/weather/layout"
separation distance,NO,"method exists; scenario inputs absent","QRA/CFD/fire/blast + SSC fragility","NOT CALCULATED","UNRESOLVED","release scenarios/layout/congestion/fragility/criteria"
offsite dose/EPZ,NO,"method chain only","source term + dispersion + dose + protective-action criteria","NOT CALCULATED","UNRESOLVED","source term/release/site met/receptors/Singapore criteria"
