criterion,evidence,engineering_implication,status,required_next_evidence
industrial integration,"E&C cluster; >100 km pipelines; low-carbon pilots",Strong process integration/logistics context,SUPPORTED,parcel-level tie-in study
land_footprint,"3000 ha island; ~300 ha new-energy land; source/analog footprints only",Island-scale land exists but nuclear-compatible parcel not demonstrated,CONDITIONAL,candidate parcel + full plot/security/EPZ study
high_temperature_heat,"E2B 353.6 MWth within JAEA 370 MW branch",Heat architecture closes at screening level,SUPPORTED,project two-train IHX/secondary-loop design
natural_gas,"Jurong LNG/gas ecosystem; project needs 68 MMSCFD",Supply physically plausible but capacity not guaranteed,CONDITIONAL,firm gas capacity/pressure/resilience study
hydrogen_offtake,"low-carbon H2 initiatives and industrial H2 use exist; project 260 MMSCFD",Large industrial context exists but no 195892 t/y offtaker secured,CONDITIONAL,binding offtake/network/storage study
CCS_logistics,"cross-border CCS MOUs; port context",1.085 Mt/y captured CO2 needs conditioning/export/storage chain,CONDITIONAL,contracted transport/storage capacity and liability/accounting
cooling,"PUB supports once-through seawater/SWCT; flow envelopes calculated",Options plausible but actual duty/intake/outfall not designed,CONDITIONAL,complete heat balance + marine thermal-plume/intake study
water,"industrial water/desalination infrastructure exists",Makeup/process water plausible but two-train balance absent,CONDITIONAL,full water/steam balance and supply allocation
grid_utilities,"large power plants/microgrid/storage infrastructure on island",Strong utility context but nuclear safety-grade independence unresolved,CONDITIONAL,electrical load study + safety-grade backup/independence
nuclear_chemical_separation,"JAEA method exists; Singapore QRA framework exists",No universal separation distance can be imported,UNRESOLVED,integrated QRA/PRA/blast/toxic/dispersion analysis
external_hazards,"refineries chemicals pipelines shipping coastal flood",Potentially decisive nuclear siting challenge,UNRESOLVED,SSR-1/SSG-79 site-specific hazard survey
security,"controlled industrial island but nuclear security not designed",Industrial access controls do not equal nuclear physical protection,UNRESOLVED,DBT/security/perimeter/access design
emergency_planning,"Singapore radiological response capability exists; no project EPZ",Dense industrial context complicates protective actions,UNRESOLVED,mechanistic source term + dispersion/dose + EPR study
environmental_permitting,"trade effluent/coastal rules and marine studies apply",No thermal discharge or nuclear environmental approval exists,NOT DEMONSTRATED,EIA/radiological assessment/intake-outfall permit pathway
nuclear_licensing,"no deployment decision; INIR Phase 1 from 2027",Jurong cannot be treated as selected/reserved/approved,NOT DEMONSTRATED,national decision + power-reactor legal/regulatory/siting framework
