topic,evidence,status,engineering_implication,source
Jurong industrial context,"~3000 ha, >100 E&C companies, >100 km pipelines",SUPPORTED,Strong industrial integration context but not parcel/site evidence,JTC 27 Oct 2025
new energy land,"close to 300 ha set aside for new energy solutions",SUPPORTED,Shows future energy-development land at island scale; not nuclear reservation,JTC 2025
LCT3,"S$62.5m low-carbon testbed for CCU and low-carbon hydrogen; high-pressure/high-temperature pilot capability",SUPPORTED,Relevant innovation ecosystem only; NOT nuclear project/site,JTC/A*STAR 2025
hydrogen context,"Aster/Air Liquide low-carbon H2 MOU; existing H2 pipeline movements in industrial ecosystem",SUPPORTED,Industrial H2 handling/use plausible; project offtake not secured,JTC/EDB 2025
natural gas,"Singapore gas via pipelines and Jurong Island LNG terminal; gas remains major imported energy source",SUPPORTED,Physical supply context plausible; 68 MMSCFD project capacity not confirmed,EMA 2026
seawater cooling,"Jurong/seafront industry can use once-through seawater or seawater cooling towers",SUPPORTED,Coastal cooling options credible; project intake/outfall/EIA unresolved,PUB Industrial Water Solutions
EMA cooling reference,"29.2 C seawater; once-through CWS; 8 C condenser rise",SUPPORTED AS REFERENCE,Provides illustrative flow-screen basis; not nuclear permit/design,EMA emissions-intensity technical parameters
industrial water,"industrial water supplied to Jurong Island; Jurong Island desalination plant exists",SUPPORTED,Process/makeup-water infrastructure exists; two-train allocation/capacity unresolved,PUB
CCS policy,"Singapore-Indonesia CCS MOU 2025; government developing cross-border CCS value chain",CONDITIONAL,Regional pathway exists but no operating/contracted chain for project,MTI 2025
port/shipping,"Jurong terminals and multiple Jurong Island pilotage locations",SUPPORTED,CO2 shipping/logistics plausible but marine external hazards increase,MPA
coastal protection,"Jurong Island site-specific coastal protection study underway; business continuity/waterfront access are explicit considerations",CONDITIONAL,Nuclear lifetime flood/storm-surge basis not established,PUB/MSE 2025-2026
nuclear decision,"Singapore has not decided deployment; INIR Phase 1 starts from 2027",UNRESOLVED,No site licensing/approval can be claimed,MTI 19 May 2026
radiation regulator,"NEA RPNSG is radiation-protection authority; Nuclear Safety Division building capability",PARTIAL,Existing radiation framework is not proof of power-reactor licensing readiness,NEA 2026
IAEA siting,"external industrial/marine hazards, cooling water, population/emergency response must be evaluated",SUPPORTED METHOD,Jurong hazardous-neighbour and port context are siting questions not benefits,IAEA SSR-1/SSG-35/SSG-79
GTHTR footprint,"~250 x 250 m footprint for 4-reactor GTHTR300 plant",SOURCE DESIGN,6.25 ha is a source design footprint not a one-reactor total site or security/EPZ area,IAEA SMR Catalogue 2024
HTTR site,"30 MW HTTR site ~50000 m2; reactor building ~48 x 50 m",SOURCE ANALOG,Demonstrates difference between building and site area; not scalable to 600 MW,JAEA
SMR+CCS footprint,"100000 Nm3/h H2 SMR+CCS study estimated 110 x 150 m",EXTERNAL STUDY ANALOG,1.65 ha per 100k Nm3/h is a process-plot analog; not linearly scalable or Singapore site requirement,UK hydrogen readiness technical study
