Claim,Value_status,Deployment_stage,Evidence_class,Canonical_source,Qualification
proposed solution identity,"NUCLEAR-ASSISTED SMR-H2 + CCS; conventional SMR+CCS is comparator/counterfactual","all stages","PROJECT IDENTITY/SYNTHESIS","E2; E2B; E6","nuclear integration is the chosen novel intervention; comparator does not replace proposal"
preferred architecture,"1 x 600 MWth GTHTR300C-class + 2 x 130 MMSCFD SMR-H2+CCS; 353.6 MWth process heat","future preferred","PROJECT DERIVED/SOURCE ANCHORED","results/E2B_ARCHITECTURE_MATURATION.md","not an operating Singapore plant"
H2 output,"~195892 tH2/y","future preferred","PROJECT DERIVED","E2B","85% availability/scaling basis"
lifecycle abatement,"~1.834 MtCO2e/y","future preferred","PROJECT DERIVED","E2B","INL-family scaling; do not mix silently with E2 cross-source comparator"
FOAK cost,"~S$137.74/tCO2e","two-train FOAK","MODELLED","E2B","FAILS <100 threshold"
one-module stronger central cost,"~S$154/tCO2e","current/FOAK evidence","MODELLED","E1","FAIL; stronger than historical screening bridge"
early-commercial BOAK cost,"~S$74.14/tCO2e","future early-commercial","PROJECTED MODEL","E2B","projected/modelled PASS not quotation"
mature 10-OAK cost,"~S$42.84/tCO2e","future mature","PROJECTED MODEL","E2B","preferred future numerical result; not current commercial cost"
CCS-alone comparator finding,"~0.461 MtCO2e/y matched-service E2 screen exceeds 0.25 Mt/y","non-nuclear comparator/counterfactual","CROSS-SOURCE SCREEN","E2","boundary differs from E2B scaling; shows nuclear not necessary for minimum threshold"
nuclear role,"proposed novel intervention; not necessary merely for minimum threshold; must justify added complexity versus SMR+CCS comparator","decision synthesis","SYNTHESIS","E2; E2B; E6","do not claim preferred Singapore pathway"
Jurong status,"conditional candidate industrial context; nuclear site suitability not demonstrated","all stages","PROJECT SCREENING/REGULATORY","E3","not selected approved or licensed"
safety status,"source evidence supported; architecture engineering-supported; quantitative integrated safety conditional; licensing safety not demonstrated","all stages","SYNTHESIS","E4; E5","do not call project safe/licensed"
CCS chain,"~1.085 MtCO2/y captured requires transport/storage interface","future preferred","PROJECT DERIVED + INFRASTRUCTURE CONDITIONAL","E3","cross-border permanent storage may be required and is not secured"
implementation status,"E2B-E5 gates defined; full staged roadmap deferred to E7","current","SYNTHESIS","E6 roadmap handoff","not deployment-ready"
