Requirement,Official criterion,Current_FOAK_evidence,Preferred_mature_future_evidence,Status,Key_condition_limitation,Canonical_evidence
solution-at-scale within Singapore,solution at scale reducing emissions within Singapore,"two-train architecture defined but no approved nuclear site/licence/CCS chain","~195892 tH2/y; Singapore H2 production/integration with possible cross-border CO2 storage","CONDITIONAL","Jurong only candidate context; storage may be cross-border; site/licensing unresolved","E2B; E3; E4; E5"
abatement,">0.25 MtCO2e/y","two-train architecture modelled ~1.834 MtCO2e/y; not deployed","~1.834 MtCO2e/y lifecycle abatement on E2B INL-family scaling","PASS","modelled future architecture; preserve boundary distinction from E2 comparator","E2B"
cost,"<S$100/tCO2e","E1 one-module ~154 FAIL; E2B two-train FOAK ~137.74 FAIL","BOAK ~74.14 and preferred 10-OAK ~42.84 projected/modelled","CONDITIONAL PASS","future cost maturation/standardisation must be achieved; unresolved costs remain","E1; E2B"
abatement mechanism,clearly show how emissions are abated,"fired reformer heat displacement + CCS + lower NG use established","same mechanism at two-train scale","SUPPORTED","CCS provides most minimum-threshold benefit; nuclear incremental role must not be overstated","E2; E2B"
implementation roadmap,clearly show roadmap,"E2B-E5 gates identified; full staged E7 roadmap not yet built","consolidated handoff created for E7","CONDITIONAL","E7 must sequence decision gates/failure criteria","E6 roadmap handoff"
originality,not regurgitation of existing Singapore project,"generic SMR+CCS alone not sufficiently novel","nuclear high-T process heat + two-train utilisation + integrated Singapore safety/economics pathway","SUPPORTED","do not claim CCS or hydrogen themselves as novel","problem statement; E2B-E6"
feasibility,graded criterion,"current commercial/deployment feasibility not demonstrated; FOAK cost fails","future technical/economic concept remains viable subject to E3-E5 gates","CONDITIONAL","siting safety CCS licensing IHX/transients remain open","E1-E5"
potential effectiveness,graded criterion,"high abatement scale but FOAK economics/deployment unresolved","~195892 tH2/y and ~1.834 MtCO2e/y if 85% availability/offtake/CCS chain achieved","CONDITIONAL","effectiveness falls with availability CCS outage/offtake/infrastructure/economic shortfall","E2B; E3"
content accuracy/evidence quality,graded criterion,"source/assumption/derived separation; deterministic model and CI","strong provenance plus explicit maturity/limitations","SUPPORTED","remaining weakness is source-design/project-data gaps for deployment safety/cost/site","E1-E5 provenance/CI"
presentation/readability,graded criterion,"repository is technically deep and active manuscript predates E0-E6 synthesis","E6 provides marker-facing controlling claims and requirement matrix","CONDITIONAL","E8 manuscript reintegration and final presentation still required","E6; paper current state"
