Gate_ID,Stage,Prerequisite,Work,Measurable_output,Go_criterion,No_go_failure_condition,Response_if_failed,Evidence_source,Current_status,CN4252_relevance
G0,Stage 0 Current research/pre-deployment,"E0-E6 evidence complete","preserve nuclear-assisted project basis; engage technology/regulatory/site/offtake/CCS workstreams","frozen preferred architecture and evidence-gap register","proceed only as research/pre-development; no deployment claim","project identity or evidence basis cannot be maintained","REDESIGN research basis or STOP","E6",CURRENT,"establishes honest starting point"
G1,Stage 0 Singapore national readiness,"national consideration of nuclear advances","establish policy decision path; independent competent regulator; reactor legal/licensing framework; safeguards/security; waste/spent-fuel; EPR; liability/insurance; workforce/supply chain","documented national institutions/framework capable of power-reactor licensing","future Singapore competent authorities provide an applicable pathway sufficient for project development","no policy/legal/regulatory pathway for nuclear project","DELAY or STOP Singapore deployment; continue R&D only","E3-E6; IAEA newcomer framework",NOT_DEMONSTRATED,"solution-at-scale within Singapore"
G2,Stage 1 Technology qualification,"selected 600 MWth reactor/fuel/IHX basis available","qualify IHX/secondary-He/reformer interface; materials; tritium; controls/isolation; maintenance/inspection; 600 MWth coupled transients","qualified component envelopes and validated transient/control models","required temperatures/duty and safe-state margins satisfied under applicable design/regulator requirements","IHX/material/transient/tritium limits cannot close","REDESIGN interface; REDUCE SCALE; STOP architecture if unresolved","E4; E5",UNRESOLVED,"technical feasibility"
G3,Stage 1 Safety analysis basis,"G2 design basis sufficiently defined","PRA; mechanistic source term; IHX failure; tritium; HAZOP/QRA; propagation/common cause; UHS/SBO; dispersion/dose; security","reviewable integrated safety-analysis package","satisfies applicable future Singapore regulator plus IAEA/design-basis requirements","unacceptable risk/consequence or missing viable barriers","ADD BARRIERS; REDESIGN; RELOCATE; REDUCE SCALE; STOP","E4; E5",NOT_DEMONSTRATED,"feasibility/accuracy"
G4,Stage 2 FOAK process-heat demonstration,"G2 component/integration qualification and host licensing basis","demonstrate real nuclear high-temperature process heat through IHX/secondary loop to reformer-relevant service","measured temperatures heat duty controls trips isolation tritium/material performance","stable qualified process-heat service and safe trip/load-rejection response","cannot demonstrate reliable safe high-temperature coupling","REDESIGN or STOP direct coupling","E2B; E4; E5",FUTURE,"FOAK evidence; cost may remain >100/t"
G5,Stage 3 Two-train demonstration,"G4 successful process-heat demonstration; two-train design","demonstrate 353.6 MWth delivery to two trains; load sharing; one-/two-train trip; turndown/restart; CCS interaction; H2 quality","measured >=353.6 MWth required service within source branch plus integrated operating data","two trains meet required heat/temperature/quality safely without exceeding source/design limits","shared-source dynamics or train integration unacceptable","REDESIGN manifold/control; REDUCE SCALE; recalculate economics","E2B; E4; E5",FUTURE,"preferred architecture is physical not accounting"
G6,Stage 2-5 Availability/reliability,"operating demonstration data","measure joint reactor+IHX+both trains+CCS+CO2-chain availability and outage causes","integrated annual availability dataset","availability supports project service basis (~85% model basis) or revised case still meets criteria","integrated availability materially below basis and revised abatement/economics fail","improve reliability/redundancy or STOP economic case","E2B; E6",FUTURE,"abatement and cost scale"
G7,Stage 4 Replication/BOAK,"G4/G5 demonstrated design; standardised replication basis","record actual OCC/CAPEX construction duration labour productivity O&M integration cost availability","replication cost/performance dataset","observed early-commercial performance supports recalculated total represented cost <S$100/tCO2e","learning insufficient or unresolved costs consume threshold margin","REDESIGN/cost-reduce; do not advance economic PASS","E2B",FUTURE_PROJECTED,"tests ~S$74.14/t model target"
G8,Stage 5 Mature/10-OAK economic gate,"multiple comparable replicated builds and updated full cost boundary","validate learning against INL/DOE expectation; include site/licensing/security/CCS/integration costs","observed mature cost/O&M/construction/availability basis and forward project economics","then-known total represented cost remains <S$100/tCO2e with no unsupported credits","actual maturation insufficient; cost >=S$100/t","STOP CN4252 mature economic PASS or redesign architecture","E1; E2B; E6",PROJECTED_ONLY,"tests ~S$42.84/t target"
G9,Stage 0-6 Candidate site/Jurong,"G1 regulatory siting pathway; preliminary design/hazard basis","identify parcel; geotech/seismic/coastal/flood; neighbours; shipping; footprint; separation; security; construction/emergency access; environmental/radiological baseline","candidate-site dossier + integrated hazard/layout assessment","parcel passes regulator/site evaluation and integrated QRA/PRA/environmental requirements","adequate separation heat sink hazard protection security/EPR/environmental acceptability cannot be achieved","RELOCATE to another Singapore context; REDESIGN; STOP only if no feasible context","E3; E5",JURONG_CONDITIONAL,"within-Singapore feasibility"
G10,Stage 0-6 Cooling/water,"candidate design and site sufficiently defined","complete reactor/process/CCS heat balance; normal rejection; decay-heat/UHS; select intake/outfall/tower; plume/ecology; blockage/fouling/corrosion/flood; water balance","normal and safety heat-sink design + water balance","normal and safety heat sinks close with acceptable environmental/safety margins","no credible UHS/cooling/water solution","REDESIGN cooling/site/operating point or RELOCATE","E3; E5",UNRESOLVED,"technical/site feasibility"
G11,Stage 0-6 H2 offtake,"two-train scale retained","identify users; pressure/purity; pipeline/storage/buffer; turndown/curtailment; commercial terms","credible demand/offtake plan progressing to contracts","credible/contracted offtake sufficient for planned ~195892 t/y scale before FID","insufficient demand/network/storage","REDUCE SCALE; DELAY; STOP commercial project","E3; E6",NOT_SECURED,"real-world effectiveness"
G12,Stage 0-6 NG/feedstock,"two-train scale retained","confirm 68 MMSCFD connection pressure redundancy resilience and upstream lifecycle performance","firm NG supply/connection plan; ~21.1 Bscf/y basis validated","firm resilient feedstock capacity compatible with lifecycle/economic case","capacity/resilience/lifecycle burden unacceptable","REDESIGN supply/scale or STOP","E3; E6",CONDITIONAL,"methane dependence"
G13,Stage 0-6 CCS chain,"capture design and project scale retained","qualify capture/conditioning/buffer; transport/terminal/shipping/pipeline; contract permanent storage; MRV/liability/regulatory recognition","contracted chain for >=~1.085 MtCO2/y plus cost/lifecycle basis","project-scale permanent storage/transport contract and recognition compatible with economics","MOU only/no storage capacity; cost/lifecycle invalidates case","DELAY; REDUCE production; alternative storage; STOP abatement claim if no chain","E3; E6",NOT_SECURED,"abatement effectiveness"
G14,Stage 6 Financing/commercial,"licensed design/site path plus mature technical/cost basis","develop project CAPEX/TCI financing IDC insurance/liability decommissioning/waste owner/EPC costs revenues contracts","bankable financial model and binding commercial package","financeable project with full costs/contracts and economic decision criterion still met","screening economics fail after financing/full project costs or contracts unavailable","REDESIGN/DELAY/STOP FID","E1; E2B; E6",NOT_DEMONSTRATED,"commercial feasibility"
G15,Stage 6 Environment/social/EPR,"candidate site/design and safety analyses","marine/ecological/thermal/radiological/industrial/transport/waste assessments; emergency planning and applicable consultation/approvals","accepted environmental assessments and executable EPR arrangements","all applicable approvals/protection requirements satisfied","environmental impact or EPR impracticable/unacceptable","MITIGATE; RELOCATE; REDESIGN; STOP","E3-E5",NOT_DEMONSTRATED,"site/licensing feasibility"
G16,Stage 6 Final investment/licensing,"G1-G15 binding gates sufficiently closed","obtain site/design/safety/environment/security approvals; close H2 NG CCS cooling financing contracts","licences/approvals/contracts/FID package","national policy allows project; site/design/safety accepted; infrastructure/contracts/finance closed; economics still meet project criterion","any binding approval/contract/safety/economic gate fails","REDESIGN; DELAY; RELOCATE; STOP","E3-E7",FUTURE,"implementation go/no-go"
G17,Stage 7 Construction/commissioning,"G16 GO/FID","construct licensed configuration; QA; component/system commissioning; integrated trip/safety tests","as-built verified plant + commissioning acceptance records","licensed acceptance criteria and contract performance tests passed","as-built/commissioning nonconformance unresolved","REWORK; REDESIGN; do not enter commercial operation","E7",FUTURE,"implementation"
G18,Stage 8 Commercial operation/verification,"G17 commissioning accepted","measure reactor/IHX/two-train heat H2 CCS CO2 storage emissions availability safety performance and actual cost","operational dataset and verified lifecycle/economic ledger","measured performance supports claimed service/safety/compliance; only then mature projections become demonstrated","measured H2/abatement/availability/cost or safety compliance misses requirements","corrective action; recalculate claims; curtail/stop as required","E7",FUTURE,"converts modelled target to demonstrated result"
