Stop_ID,Condition,Decision,Reason,Possible_recovery
S1,"no viable high-temperature IHX/secondary-loop/reformer integration","REDESIGN or STOP architecture","core intervention cannot be implemented safely/reliably","alternative exchanger/material/loop or reduced scale"
S2,"353.6 MWth two-train service cannot be delivered safely within source branch/temperature limits","REDESIGN or REDUCE SCALE","preferred architecture is physically invalid","one train/alternative reactor architecture then recalculate economics"
S3,"integrated availability materially below basis and recalculated thresholds fail","REDESIGN or STOP economic case","model effectiveness depends on joint availability","reliability improvements/redundancy"
S4,"observed BOAK/NOAK learning leaves mature represented cost >=S$100/tCO2e","STOP CN4252 economic PASS or redesign","projected maturation not realised","cost reduction/architecture change; no automatic advancement"
S5,"no feasible nuclear/chemical separation or unacceptable blast/fire/toxic propagation","ADD BARRIERS/RELOCATE/STOP","chemical hazards challenge nuclear SSCs","layout/inventory reduction/barriers/other site"
S6,"mechanistic source term/dose incompatible with feasible site/EPR","REDESIGN/RELOCATE/STOP","radiological consequence cannot meet applicable criteria","barrier/design/site changes"
S7,"no credible normal cooling or nuclear UHS under coastal/common-cause hazards","REDESIGN/RELOCATE/STOP","safe heat removal is mandatory","diverse sink/site/cooling architecture"
S8,"Jurong parcel external hazards/security/EPR/environment unacceptable","RELOCATE","Jurong is candidate context only","evaluate another Singapore context"
S9,"no Singapore context can satisfy siting/safety/security/EPR","STOP Singapore deployment concept","within-Singapore implementation infeasible","technology R&D may continue outside project deployment"
S10,"no credible/contracted H2 offtake at planned scale","REDUCE SCALE/DELAY/STOP","modelled production has no service/customer","develop market/network or resize"
S11,"no contracted >=~1.085 Mt/y CO2 transport/permanent-storage chain","DELAY/REDUCE/STOP abatement claim","CCS is essential to claimed abatement","alternative storage/transport or resize"
S12,"NG capacity/resilience or upstream lifecycle burden invalidates case","REDESIGN/REDUCE/STOP","nuclear-assisted pathway remains methane dependent","supply change/scale/lifecycle recalculation"
S13,"future Singapore regulator rejects design/site or national policy does not permit project","STOP/DELAY/REDESIGN","binding legal/licensing gate","alternative design/site only if regulator/policy permits"
S14,"full project finance/licensing/security/site costs consume economic margin","REDESIGN/DELAY/STOP FID","screening economics are not bankable finance","cost reduction/contracts/financing change"
S15,"commissioning cannot satisfy licensed acceptance criteria","DO NOT OPERATE","as-built plant not demonstrated acceptable","rework/retest/redesign"
